<?xml version="1.0" encoding="UTF-8"?>
<project-private xmlns="http://www.netbeans.org/ns/project-private/1">
    <editor-bookmarks xmlns="http://www.netbeans.org/ns/editor-bookmarks/2" lastBookmarkId="0"/>
    <open-files xmlns="http://www.netbeans.org/ns/projectui-open-files/2">
        <group>
            <file>file:/C:/Users/Altap/Downloads/BusTracking/src/java/services/add_call.java</file>
            <file>file:/C:/Users/Altap/Downloads/BusTracking/web/booking1.jsp</file>
            <file>file:/C:/Users/Altap/Downloads/BusTracking/src/java/controller/Login.java</file>
            <file>file:/C:/Users/Altap/Downloads/BusTracking/web/addBus.jsp</file>
            <file>file:/C:/Users/Altap/Downloads/BusTracking/src/java/controller/Assign.java</file>
            <file>file:/C:/Users/Altap/Downloads/BusTracking/src/java/controller/BookSeat.java</file>
            <file>file:/C:/Users/Altap/Downloads/BusTracking/src/java/controller/GeoLocation.java</file>
            <file>file:/C:/Users/Altap/Downloads/BusTracking/src/java/controller/AddConductor.java</file>
            <file>file:/C:/Users/Altap/Downloads/BusTracking/src/java/controller/UpdateBus.java</file>
            <file>file:/C:/Users/Altap/Downloads/BusTracking/src/java/controller/AddBus.java</file>
            <file>file:/C:/Users/Altap/Downloads/BusTracking/web/updateLocation.jsp</file>
            <file>file:/C:/Users/Altap/Downloads/BusTracking/src/java/connection/DBConnection.java</file>
            <file>file:/C:/Users/Altap/Downloads/BusTracking/src/java/services/get_seats.java</file>
            <file>file:/C:/Users/Altap/Downloads/BusTracking/web/assign.jsp</file>
            <file>file:/C:/Users/Altap/Downloads/BusTracking/src/java/services/login.java</file>
        </group>
    </open-files>
</project-private>
